source,raw_text,created_at
support_ticket,Update: Customer support took forever to respond to my ticket https://example.com/ref123,2026-09-12T19:38:11.374309
tweet,FYI - Win a free iPhone click here www.notreal.example https://example.com/ref123,2026-09-12T19:47:11.374309
tweet,So annoyed. App logs me out randomly every few minutes !!!,2026-09-12T19:55:11.374309
tweet,"Seriously, Love how fast delivery was this time! 🙄",2026-09-12T20:02:11.374309
app_review,So annoyed. Getting a blank screen after I update the app <br>,2026-09-12T20:03:11.374309
app_review,"Seriously, Wish there was a way to filter by seller rating https://example.com/ref123",2026-09-12T20:18:11.374309
support_ticket,Check out my channel for free followers!!! https://example.com/ref123,2026-09-12T20:50:11.374309
app_review,Ugh. The new UI looks clean and modern !!!,2026-09-12T21:25:11.374309
support_ticket,Update: Check out my channel for free followers!!! https://example.com/ref123,2026-09-12T21:28:11.374309
tweet,"So annoyed. The new cart redesign is confusing, hard to find things !!!",2026-09-12T21:53:11.374309
app_review,"FYI - Too many notifications, feels spammy !!!",2026-09-12T22:40:11.374309
support_ticket,FYI - Can you add a 'buy again' button on past orders <br>,2026-09-12T23:04:11.374309
tweet,"Seriously, Getting a blank screen after I update the app 😡",2026-09-12T23:08:11.374309
app_review,Would be great if I could save multiple addresses Fix this please.,2026-09-13T02:00:11.374309
app_review,Update: Check out my channel for free followers!!! !!!,2026-09-13T02:09:11.374309
support_ticket,"Seriously, Search results don't load, just an infinite spinner 😡",2026-09-13T02:20:11.374309
app_review,Ugh. App logs me out randomly every few minutes,2026-09-13T02:22:11.374309
support_ticket,"Customer service resolved my issue in minutes, impressed 🙄",2026-09-13T02:44:11.374309
tweet,Win a free iPhone click here www.notreal.example !!!,2026-09-13T03:14:11.374309
tweet,Ugh. Win a free iPhone click here www.notreal.example !!!,2026-09-13T03:14:11.374309
app_review,Product arrived damaged and refund process is so slow Fix this please.,2026-09-13T03:28:11.374309
app_review,Getting a blank screen after I update the app 🙄,2026-09-13T03:42:11.374309
tweet,Update: Product arrived damaged and refund process is so slow !!!,2026-09-13T04:16:11.374309
support_ticket,So annoyed. Customer support took forever to respond to my ticket,2026-09-13T05:21:11.374309
support_ticket,"Seriously, Check out my channel for free followers!!! https://example.com/ref123",2026-09-13T06:05:11.374309
support_ticket,So annoyed. Getting a blank screen after I update the app 🙄,2026-09-13T06:13:11.374309
support_ticket,Getting a blank screen after I update the app Fix this please.,2026-09-13T06:19:11.374309
tweet,"Seriously, Please add a dark mode option 🙄",2026-09-13T07:15:11.374309
app_review,"Search results don't load, just an infinite spinner !!!",2026-09-13T07:42:11.374309
tweet,Ugh. asdkjaslkdj random text here <br>,2026-09-13T07:44:11.374309
app_review,Update: Win a free iPhone click here www.notreal.example Fix this please.,2026-09-13T07:50:11.374309
support_ticket,"FYI - Customer service resolved my issue in minutes, impressed 🙄",2026-09-13T08:43:11.374309
app_review,Update: The order tracking page shows an error 500,2026-09-13T08:55:11.374309
app_review,"Update: Great app, super easy to use 😡",2026-09-13T09:08:11.374309
tweet,"Seriously, asdkjaslkdj random text here 😡",2026-09-13T09:22:11.374309
tweet,Ugh. App logs me out randomly every few minutes 🙄,2026-09-13T09:38:11.374309
support_ticket,Ugh. Check out my channel for free followers!!! Fix this please.,2026-09-13T09:58:11.374309
support_ticket,"Update: The new cart redesign is confusing, hard to find things 🙄",2026-09-13T10:07:11.374309
app_review,FYI - Can you add a 'buy again' button on past orders 🙄,2026-09-13T11:18:11.374309
app_review,Ugh. The order tracking page shows an error 500 https://example.com/ref123,2026-09-13T11:37:11.374309
support_ticket,"FYI - Customer service resolved my issue in minutes, impressed 🙄",2026-09-13T11:46:11.374309
app_review,So annoyed. Check out my channel for free followers!!! 🙄,2026-09-13T11:53:11.374309
app_review,So annoyed. Check out my channel for free followers!!! https://example.com/ref123,2026-09-13T11:56:11.374309
tweet,"Ugh. The new cart redesign is confusing, hard to find things https://example.com/ref123",2026-09-13T12:20:11.374309
support_ticket,Update: Please add a dark mode option https://example.com/ref123,2026-09-13T12:35:11.374309
app_review,Checkout page freezes on the payment step https://example.com/ref123,2026-09-13T13:44:11.374309
tweet,FYI - asdkjaslkdj random text here 🙄,2026-09-13T14:09:11.374309
app_review,Update: Please add a dark mode option 🙄,2026-09-13T14:43:11.374309
support_ticket,"So annoyed. Too many notifications, feels spammy <br>",2026-09-13T15:13:11.374309
support_ticket,Ugh. Checkout page freezes on the payment step,2026-09-13T17:12:11.374309
app_review,"Seriously, The new cart redesign is confusing, hard to find things 😡",2026-09-13T17:23:11.374309
tweet,So annoyed. Product arrived damaged and refund process is so slow,2026-09-13T17:41:11.374309
support_ticket,"Seriously, App logs me out randomly every few minutes 😡",2026-09-13T18:29:11.374309
tweet,"Ugh. Customer service resolved my issue in minutes, impressed",2026-09-13T18:35:11.374309
app_review,Getting a blank screen after I update the app <br>,2026-09-13T18:38:11.374309
app_review,Ugh. Love how fast delivery was this time! 🙄,2026-09-13T18:42:11.374309
app_review,So annoyed. Can you add a 'buy again' button on past orders,2026-09-13T20:00:11.374309
tweet,"Update: Search results don't load, just an infinite spinner Fix this please.",2026-09-13T20:21:11.374309
app_review,Update: Wish there was a way to filter by seller rating <br>,2026-09-13T20:32:11.374309
app_review,"Ugh. Too many notifications, feels spammy 😡",2026-09-13T21:52:11.374309
tweet,So annoyed. The order tracking page shows an error 500 😡,2026-09-13T22:22:11.374309
support_ticket,So annoyed. Check out my channel for free followers!!! Fix this please.,2026-09-13T22:46:11.374309
tweet,"Ugh. Great app, super easy to use !!!",2026-09-13T23:37:11.374309
tweet,FYI - Can you add a 'buy again' button on past orders 😡,2026-09-13T23:37:11.374309
tweet,Ugh. Would love wishlist sharing with friends !!!,2026-09-13T23:53:11.374309
tweet,Ugh. Customer support took forever to respond to my ticket <br>,2026-09-14T00:27:11.374309
tweet,So annoyed. Customer support took forever to respond to my ticket 🙄,2026-09-14T00:48:11.374309
tweet,Update: Check out my channel for free followers!!! Fix this please.,2026-09-14T00:55:11.374309
app_review,So annoyed. Getting a blank screen after I update the app,2026-09-14T02:18:11.374309
support_ticket,Update: Product arrived damaged and refund process is so slow,2026-09-14T02:22:11.374309
support_ticket,"FYI - Too many notifications, feels spammy Fix this please.",2026-09-14T02:34:11.374309
app_review,"Update: Great app, super easy to use 😡",2026-09-14T02:36:11.374309
support_ticket,Ugh. The new UI looks clean and modern !!!,2026-09-14T02:36:11.374309
app_review,FYI - Would love wishlist sharing with friends Fix this please.,2026-09-14T05:43:11.374309
app_review,"Seriously, The order tracking page shows an error 500 😡",2026-09-14T05:47:11.374309
tweet,"Update: Great app, super easy to use https://example.com/ref123",2026-09-14T05:48:11.374309
support_ticket,Ugh. Can you add a 'buy again' button on past orders <br>,2026-09-14T06:05:11.374309
app_review,FYI - Wish there was a way to filter by seller rating !!!,2026-09-14T06:49:11.374309
tweet,"So annoyed. Search results don't load, just an infinite spinner 🙄",2026-09-14T07:44:11.374309
support_ticket,Update: asdkjaslkdj random text here,2026-09-14T08:40:11.374309
app_review,"Ugh. Great app, super easy to use Fix this please.",2026-09-14T09:07:11.374309
app_review,Update: Please add a dark mode option,2026-09-14T09:26:11.374309
tweet,"So annoyed. Great app, super easy to use Fix this please.",2026-09-14T09:36:11.374309
tweet,FYI - Please add a dark mode option,2026-09-14T11:37:11.374309
app_review,"Seriously, Great app, super easy to use https://example.com/ref123",2026-09-14T12:01:11.374309
app_review,"FYI - Search results don't load, just an infinite spinner",2026-09-14T12:02:11.374309
app_review,Ugh. Would be great if I could save multiple addresses Fix this please.,2026-09-14T12:56:11.374309
tweet,Update: Wish there was a way to filter by seller rating <br>,2026-09-14T13:00:11.374309
support_ticket,Update: Customer support took forever to respond to my ticket Fix this please.,2026-09-14T13:03:11.374309
app_review,Update: Checkout page freezes on the payment step Fix this please.,2026-09-14T13:04:11.374309
tweet,The order tracking page shows an error 500 <br>,2026-09-14T13:29:11.374309
support_ticket,Ugh. Product arrived damaged and refund process is so slow https://example.com/ref123,2026-09-14T13:32:11.374309
tweet,So annoyed. Delivery was 5 days late with no notification https://example.com/ref123,2026-09-14T14:24:11.374309
support_ticket,asdkjaslkdj random text here <br>,2026-09-14T14:28:11.374309
tweet,"Update: Great app, super easy to use https://example.com/ref123",2026-09-14T14:47:11.374309
tweet,FYI - The order tracking page shows an error 500 https://example.com/ref123,2026-09-14T15:26:11.374309
app_review,Ugh. asdkjaslkdj random text here,2026-09-14T17:45:11.374309
tweet,FYI - asdkjaslkdj random text here 😡,2026-09-14T18:51:11.374309
app_review,Update: Product arrived damaged and refund process is so slow 😡,2026-09-14T19:21:11.374309
tweet,"FYI - Search results don't load, just an infinite spinner !!!",2026-09-14T20:05:11.374309
support_ticket,FYI - Wish there was a way to filter by seller rating,2026-09-14T20:07:11.374309
support_ticket,"Ugh. Great app, super easy to use Fix this please.",2026-09-14T21:53:11.374309
support_ticket,"Seriously, Customer support took forever to respond to my ticket",2026-09-14T23:14:11.374309
app_review,FYI - Delivery was 5 days late with no notification !!!,2026-09-14T23:15:11.374309
tweet,"Too many notifications, feels spammy",2026-09-14T23:19:11.374309
tweet,FYI - The order tracking page shows an error 500 😡,2026-09-14T23:22:11.374309
app_review,"Seriously, Please add a dark mode option",2026-09-14T23:55:11.374309
app_review,"Seriously, Can you add a 'buy again' button on past orders Fix this please.",2026-09-15T00:20:11.374309
support_ticket,Update: Check out my channel for free followers!!! 🙄,2026-09-15T00:25:11.374309
support_ticket,"Seriously, Great app, super easy to use <br>",2026-09-15T01:08:11.374309
support_ticket,So annoyed. Check out my channel for free followers!!!,2026-09-15T01:21:11.374309
app_review,"So annoyed. Too many notifications, feels spammy !!!",2026-09-15T01:49:11.374309
app_review,Ugh. Product arrived damaged and refund process is so slow https://example.com/ref123,2026-09-15T02:09:11.374309
support_ticket,FYI - Getting a blank screen after I update the app Fix this please.,2026-09-15T03:54:11.374309
tweet,Update: Checkout page freezes on the payment step Fix this please.,2026-09-15T04:41:11.374309
support_ticket,Update: Can you add a 'buy again' button on past orders !!!,2026-09-15T04:50:11.374309
app_review,"Seriously, Search results don't load, just an infinite spinner 🙄",2026-09-15T04:57:11.374309
tweet,"So annoyed. Too many notifications, feels spammy",2026-09-15T05:42:11.374309
tweet,FYI - asdkjaslkdj random text here Fix this please.,2026-09-15T05:50:11.374309
support_ticket,"So annoyed. Great app, super easy to use Fix this please.",2026-09-15T07:33:11.374309
app_review,Can you add a 'buy again' button on past orders 🙄,2026-09-15T08:12:11.374309
app_review,"Search results don't load, just an infinite spinner !!!",2026-09-15T08:41:11.374309
support_ticket,So annoyed. Wish there was a way to filter by seller rating https://example.com/ref123,2026-09-15T09:05:11.374309
app_review,Would love wishlist sharing with friends https://example.com/ref123,2026-09-15T09:52:11.374309
tweet,"FYI - Too many notifications, feels spammy https://example.com/ref123",2026-09-15T10:10:11.374309
app_review,Can you add a 'buy again' button on past orders <br>,2026-09-15T10:54:11.374309
app_review,"Seriously, The new cart redesign is confusing, hard to find things https://example.com/ref123",2026-09-15T11:04:11.374309
app_review,Update: The new UI looks clean and modern 🙄,2026-09-15T11:26:11.374309
app_review,So annoyed. The new UI looks clean and modern,2026-09-15T11:33:11.374309
app_review,Ugh. App crashes every time I try to open my cart <br>,2026-09-15T11:52:11.374309
app_review,FYI - Would love wishlist sharing with friends <br>,2026-09-15T12:32:11.374309
support_ticket,Update: Check out my channel for free followers!!! Fix this please.,2026-09-15T12:40:11.374309
app_review,Ugh. Getting a blank screen after I update the app 😡,2026-09-15T12:49:11.374309
tweet,So annoyed. The new UI looks clean and modern 😡,2026-09-15T13:05:11.374309
support_ticket,Getting a blank screen after I update the app 🙄,2026-09-15T13:38:11.374309
tweet,"So annoyed. Too many notifications, feels spammy 😡",2026-09-15T13:53:11.374309
support_ticket,"Ugh. Great app, super easy to use <br>",2026-09-15T14:10:11.374309
tweet,"Seriously, Would love wishlist sharing with friends Fix this please.",2026-09-15T15:05:11.374309
app_review,Ugh. Would love wishlist sharing with friends Fix this please.,2026-09-15T15:13:11.374309
tweet,Wish there was a way to filter by seller rating <br>,2026-09-15T15:32:11.374309
support_ticket,Would love wishlist sharing with friends,2026-09-15T15:42:11.374309
app_review,"Seriously, Would be great if I could save multiple addresses !!!",2026-09-15T17:06:11.374309
support_ticket,"Seriously, The new cart redesign is confusing, hard to find things Fix this please.",2026-09-15T17:18:11.374309
tweet,"Ugh. Too many notifications, feels spammy https://example.com/ref123",2026-09-15T18:06:11.374309
support_ticket,Ugh. The order tracking page shows an error 500 🙄,2026-09-15T18:51:11.374309
support_ticket,FYI - Would be great if I could save multiple addresses <br>,2026-09-15T19:25:11.374309
app_review,Update: Delivery was 5 days late with no notification 🙄,2026-09-15T20:14:11.374309
app_review,FYI - Checkout page freezes on the payment step Fix this please.,2026-09-15T20:15:11.374309
tweet,Would love wishlist sharing with friends Fix this please.,2026-09-15T20:26:11.374309
tweet,"Seriously, Win a free iPhone click here www.notreal.example !!!",2026-09-15T21:18:11.374309
app_review,"Seriously, Can you add a 'buy again' button on past orders !!!",2026-09-15T21:31:11.374309
tweet,"Ugh. The new cart redesign is confusing, hard to find things https://example.com/ref123",2026-09-15T21:55:11.374309
support_ticket,So annoyed. Love how fast delivery was this time! https://example.com/ref123,2026-09-15T21:59:11.374309
app_review,"Great app, super easy to use",2026-09-15T22:14:11.374309
support_ticket,FYI - Wish there was a way to filter by seller rating,2026-09-15T22:46:11.374309
app_review,So annoyed. The order tracking page shows an error 500 !!!,2026-09-15T22:46:11.374309
support_ticket,"The new cart redesign is confusing, hard to find things https://example.com/ref123",2026-09-15T23:17:11.374309
tweet,Update: Please add a dark mode option https://example.com/ref123,2026-09-16T00:32:11.374309
app_review,Ugh. App crashes every time I try to open my cart <br>,2026-09-16T03:40:11.374309
app_review,"Seriously, The order tracking page shows an error 500 🙄",2026-09-16T03:55:11.374309
support_ticket,Update: Delivery was 5 days late with no notification <br>,2026-09-16T05:01:11.374309
app_review,So annoyed. Customer support took forever to respond to my ticket !!!,2026-09-16T05:15:11.374309
app_review,FYI - asdkjaslkdj random text here !!!,2026-09-16T05:20:11.374309
support_ticket,"Update: The new cart redesign is confusing, hard to find things <br>",2026-09-16T05:51:11.374309
app_review,Delivery was 5 days late with no notification 🙄,2026-09-16T05:52:11.374309
support_ticket,"FYI - Great app, super easy to use https://example.com/ref123",2026-09-16T05:56:11.374309
tweet,"Update: Search results don't load, just an infinite spinner <br>",2026-09-16T06:22:11.374309
app_review,Update: Win a free iPhone click here www.notreal.example 😡,2026-09-16T06:56:11.374309
app_review,"Seriously, The order tracking page shows an error 500 https://example.com/ref123",2026-09-16T07:30:11.374309
support_ticket,Ugh. Please add a dark mode option https://example.com/ref123,2026-09-16T08:05:11.374309
app_review,So annoyed. Win a free iPhone click here www.notreal.example 🙄,2026-09-16T08:27:11.374309
app_review,"Great app, super easy to use",2026-09-16T08:58:11.374309
support_ticket,Ugh. asdkjaslkdj random text here !!!,2026-09-16T09:07:11.374309
support_ticket,"Ugh. Customer service resolved my issue in minutes, impressed 🙄",2026-09-16T09:15:11.374309
support_ticket,"Seriously, Customer service resolved my issue in minutes, impressed Fix this please.",2026-09-16T09:43:11.374309
tweet,"Ugh. Customer service resolved my issue in minutes, impressed https://example.com/ref123",2026-09-16T11:20:11.374309
tweet,Would love wishlist sharing with friends https://example.com/ref123,2026-09-16T11:36:11.374309
tweet,So annoyed. asdkjaslkdj random text here 🙄,2026-09-16T12:24:11.374309
tweet,Ugh. Wish there was a way to filter by seller rating <br>,2026-09-16T12:43:11.374309
tweet,"Seriously, Would be great if I could save multiple addresses https://example.com/ref123",2026-09-16T12:58:11.374309
support_ticket,FYI - Getting a blank screen after I update the app !!!,2026-09-16T13:29:11.374309
support_ticket,Love how fast delivery was this time! https://example.com/ref123,2026-09-16T13:59:11.374309
support_ticket,asdkjaslkdj random text here https://example.com/ref123,2026-09-16T14:51:11.374309
app_review,The order tracking page shows an error 500,2026-09-16T15:14:11.374309
tweet,"Seriously, Win a free iPhone click here www.notreal.example",2026-09-16T16:07:11.374309
support_ticket,Wish there was a way to filter by seller rating !!!,2026-09-16T16:13:11.374309
app_review,So annoyed. Love how fast delivery was this time!,2026-09-16T17:35:11.374309
app_review,"FYI - Customer service resolved my issue in minutes, impressed <br>",2026-09-16T18:08:11.374309
app_review,Wish there was a way to filter by seller rating Fix this please.,2026-09-16T18:38:11.374309
app_review,"Ugh. Great app, super easy to use 🙄",2026-09-16T18:53:11.374309
tweet,Update: Getting a blank screen after I update the app 😡,2026-09-16T19:13:11.374309
app_review,FYI - asdkjaslkdj random text here https://example.com/ref123,2026-09-16T19:54:11.374309
tweet,So annoyed. asdkjaslkdj random text here <br>,2026-09-16T20:04:11.374309
app_review,"Seriously, Too many notifications, feels spammy !!!",2026-09-16T20:13:11.374309
tweet,"Seriously, Checkout page freezes on the payment step <br>",2026-09-16T21:13:11.374309
app_review,"Seriously, Customer support took forever to respond to my ticket 😡",2026-09-16T21:21:11.374309
support_ticket,FYI - Check out my channel for free followers!!! Fix this please.,2026-09-16T22:05:11.374309
tweet,"FYI - Too many notifications, feels spammy 😡",2026-09-16T22:11:11.374309
app_review,"Seriously, App crashes every time I try to open my cart Fix this please.",2026-09-16T22:27:11.374309
tweet,Ugh. Wish there was a way to filter by seller rating !!!,2026-09-16T22:57:11.374309
app_review,FYI - Delivery was 5 days late with no notification 🙄,2026-09-16T23:38:11.374309
tweet,"Update: Search results don't load, just an infinite spinner 🙄",2026-09-16T23:58:11.374309
app_review,"Seriously, Would love wishlist sharing with friends 🙄",2026-09-17T00:22:11.374309
support_ticket,"Ugh. Search results don't load, just an infinite spinner 😡",2026-09-17T01:05:11.374309
app_review,So annoyed. Love how fast delivery was this time! <br>,2026-09-17T02:03:11.374309
tweet,"Seriously, Would love wishlist sharing with friends https://example.com/ref123",2026-09-17T02:51:11.374309
app_review,FYI - App logs me out randomly every few minutes 🙄,2026-09-17T03:09:11.374309
support_ticket,"So annoyed. Too many notifications, feels spammy 🙄",2026-09-17T03:26:11.374309
app_review,Win a free iPhone click here www.notreal.example https://example.com/ref123,2026-09-17T03:47:11.374309
app_review,"Seriously, Can you add a 'buy again' button on past orders",2026-09-17T07:24:11.374309
tweet,Update: asdkjaslkdj random text here Fix this please.,2026-09-17T07:38:11.374309
app_review,Update: Delivery was 5 days late with no notification,2026-09-17T07:45:11.374309
support_ticket,FYI - Please add a dark mode option !!!,2026-09-17T07:51:11.374309
tweet,Update: Wish there was a way to filter by seller rating,2026-09-17T07:52:11.374309
app_review,"Seriously, Delivery was 5 days late with no notification Fix this please.",2026-09-17T08:03:11.374309
tweet,So annoyed. Would love wishlist sharing with friends 🙄,2026-09-17T08:12:11.374309
tweet,Ugh. Customer support took forever to respond to my ticket Fix this please.,2026-09-17T08:27:11.374309
support_ticket,Update: Would love wishlist sharing with friends Fix this please.,2026-09-17T09:44:11.374309
tweet,"Seriously, Getting a blank screen after I update the app 😡",2026-09-17T10:38:11.374309
app_review,"Seriously, asdkjaslkdj random text here https://example.com/ref123",2026-09-17T11:30:11.374309
app_review,App logs me out randomly every few minutes Fix this please.,2026-09-17T11:55:11.374309
tweet,"Great app, super easy to use Fix this please.",2026-09-17T12:10:11.374309
support_ticket,"Seriously, Win a free iPhone click here www.notreal.example",2026-09-17T13:23:11.374309
tweet,FYI - Can you add a 'buy again' button on past orders 🙄,2026-09-17T13:45:11.374309
support_ticket,FYI - Win a free iPhone click here www.notreal.example 🙄,2026-09-17T13:46:11.374309
app_review,Update: The new UI looks clean and modern 😡,2026-09-17T13:48:11.374309
app_review,So annoyed. Would love wishlist sharing with friends,2026-09-17T14:02:11.374309
support_ticket,"Seriously, App logs me out randomly every few minutes !!!",2026-09-17T14:44:11.374309
tweet,"Update: The new cart redesign is confusing, hard to find things 🙄",2026-09-17T14:50:11.374309
support_ticket,Ugh. Love how fast delivery was this time! 😡,2026-09-17T14:52:11.374309
tweet,So annoyed. Wish there was a way to filter by seller rating 😡,2026-09-17T15:07:11.374309
tweet,"Seriously, Search results don't load, just an infinite spinner 🙄",2026-09-17T15:52:11.374309
support_ticket,"FYI - The new cart redesign is confusing, hard to find things",2026-09-17T16:07:11.374309
support_ticket,FYI - Would love wishlist sharing with friends <br>,2026-09-17T16:33:11.374309
app_review,FYI - Can you add a 'buy again' button on past orders 😡,2026-09-17T16:43:11.374309
support_ticket,Love how fast delivery was this time! https://example.com/ref123,2026-09-17T16:48:11.374309
tweet,FYI - Check out my channel for free followers!!! <br>,2026-09-17T18:57:11.374309
tweet,Please add a dark mode option 🙄,2026-09-17T19:26:11.374309
tweet,"Seriously, Too many notifications, feels spammy Fix this please.",2026-09-17T19:36:11.374309
tweet,Ugh. Would be great if I could save multiple addresses https://example.com/ref123,2026-09-17T20:45:11.374309
tweet,Ugh. Getting a blank screen after I update the app https://example.com/ref123,2026-09-17T22:25:11.374309
tweet,Ugh. Would be great if I could save multiple addresses <br>,2026-09-17T22:38:11.374309
tweet,"Seriously, The order tracking page shows an error 500 🙄",2026-09-17T23:12:11.374309
app_review,Product arrived damaged and refund process is so slow 🙄,2026-09-17T23:13:11.374309
tweet,"Seriously, Win a free iPhone click here www.notreal.example Fix this please.",2026-09-18T00:04:11.374309
app_review,FYI - Getting a blank screen after I update the app 😡,2026-09-18T00:28:11.374309
tweet,"Ugh. Too many notifications, feels spammy !!!",2026-09-18T00:37:11.374309
app_review,FYI - Wish there was a way to filter by seller rating,2026-09-18T00:47:11.374309
tweet,Update: Product arrived damaged and refund process is so slow Fix this please.,2026-09-18T00:52:11.374309
app_review,Product arrived damaged and refund process is so slow https://example.com/ref123,2026-09-18T00:52:11.374309
app_review,Update: The order tracking page shows an error 500 !!!,2026-09-18T01:15:11.374309
app_review,Ugh. Product arrived damaged and refund process is so slow,2026-09-18T01:24:11.374309
tweet,So annoyed. Check out my channel for free followers!!! <br>,2026-09-18T02:18:11.374309
support_ticket,FYI - Customer support took forever to respond to my ticket !!!,2026-09-18T03:08:11.374309
app_review,Would love wishlist sharing with friends Fix this please.,2026-09-18T03:13:11.374309
support_ticket,"Seriously, Win a free iPhone click here www.notreal.example",2026-09-18T03:39:11.374309
app_review,"Seriously, Too many notifications, feels spammy <br>",2026-09-18T03:40:11.374309
support_ticket,"Ugh. Customer service resolved my issue in minutes, impressed https://example.com/ref123",2026-09-18T04:24:11.374309
tweet,"Customer service resolved my issue in minutes, impressed !!!",2026-09-18T05:34:11.374309
tweet,Checkout page freezes on the payment step https://example.com/ref123,2026-09-18T05:47:11.374309
tweet,"Seriously, App logs me out randomly every few minutes 🙄",2026-09-18T06:54:11.374309
app_review,Ugh. Would be great if I could save multiple addresses https://example.com/ref123,2026-09-18T07:00:11.374309
support_ticket,So annoyed. The new UI looks clean and modern <br>,2026-09-18T07:21:11.374309
tweet,Can you add a 'buy again' button on past orders,2026-09-18T07:41:11.374309
tweet,Wish there was a way to filter by seller rating <br>,2026-09-18T07:56:11.374309
support_ticket,"Ugh. Great app, super easy to use Fix this please.",2026-09-18T08:13:11.374309
support_ticket,FYI - Check out my channel for free followers!!!,2026-09-18T08:34:11.374309
support_ticket,"So annoyed. Too many notifications, feels spammy https://example.com/ref123",2026-09-18T09:21:11.374309
tweet,Getting a blank screen after I update the app 😡,2026-09-18T09:36:11.374309
app_review,"Seriously, Would love wishlist sharing with friends Fix this please.",2026-09-18T10:18:11.374309
app_review,Check out my channel for free followers!!! Fix this please.,2026-09-18T10:35:11.374309
support_ticket,"Seriously, Product arrived damaged and refund process is so slow 🙄",2026-09-18T10:37:11.374309
app_review,"Update: Search results don't load, just an infinite spinner <br>",2026-09-18T11:09:11.374309
app_review,Update: Check out my channel for free followers!!! !!!,2026-09-18T11:25:11.374309
tweet,Update: Love how fast delivery was this time! <br>,2026-09-18T11:27:11.374309
tweet,"FYI - Customer service resolved my issue in minutes, impressed Fix this please.",2026-09-18T12:38:11.374309
tweet,"Ugh. Search results don't load, just an infinite spinner 😡",2026-09-18T12:54:11.374309
support_ticket,"So annoyed. The new cart redesign is confusing, hard to find things https://example.com/ref123",2026-09-18T13:10:11.374309
tweet,FYI - Check out my channel for free followers!!! Fix this please.,2026-09-18T13:57:11.374309
app_review,So annoyed. Please add a dark mode option,2026-09-18T14:28:11.374309
app_review,So annoyed. asdkjaslkdj random text here https://example.com/ref123,2026-09-18T14:55:11.374309
app_review,Ugh. Would love wishlist sharing with friends !!!,2026-09-18T15:43:11.374309
tweet,Update: App logs me out randomly every few minutes <br>,2026-09-18T17:02:11.374309
tweet,So annoyed. Check out my channel for free followers!!! 🙄,2026-09-18T17:40:11.374309
support_ticket,"Seriously, Checkout page freezes on the payment step <br>",2026-09-18T17:43:11.374309
app_review,Update: Product arrived damaged and refund process is so slow !!!,2026-09-18T17:48:11.374309
app_review,So annoyed. The new UI looks clean and modern <br>,2026-09-18T18:01:11.374309
app_review,"So annoyed. The new cart redesign is confusing, hard to find things",2026-09-18T18:57:11.374309
support_ticket,"Seriously, Customer support took forever to respond to my ticket <br>",2026-09-18T20:12:11.374309
tweet,"FYI - Great app, super easy to use !!!",2026-09-18T20:17:11.374309
app_review,So annoyed. The order tracking page shows an error 500 😡,2026-09-18T20:22:11.374309
app_review,"Ugh. Too many notifications, feels spammy Fix this please.",2026-09-18T20:47:11.374309
support_ticket,So annoyed. Would love wishlist sharing with friends !!!,2026-09-18T21:02:11.374309
app_review,"The new cart redesign is confusing, hard to find things <br>",2026-09-18T21:11:11.374309
support_ticket,"Seriously, Customer support took forever to respond to my ticket",2026-09-18T21:45:11.374309
app_review,"Ugh. Search results don't load, just an infinite spinner 😡",2026-09-18T22:08:11.374309
tweet,So annoyed. The order tracking page shows an error 500 !!!,2026-09-18T22:24:11.374309
support_ticket,So annoyed. Wish there was a way to filter by seller rating <br>,2026-09-18T22:47:11.374309
support_ticket,So annoyed. Would love wishlist sharing with friends <br>,2026-09-18T23:43:11.374309
support_ticket,So annoyed. Would be great if I could save multiple addresses Fix this please.,2026-09-19T00:08:11.374309
support_ticket,asdkjaslkdj random text here 😡,2026-09-19T00:15:11.374309
tweet,Can you add a 'buy again' button on past orders !!!,2026-09-19T00:57:11.374309
support_ticket,Update: Check out my channel for free followers!!! !!!,2026-09-19T01:04:11.374309
tweet,Ugh. asdkjaslkdj random text here !!!,2026-09-19T01:27:11.374309
support_ticket,"Seriously, Product arrived damaged and refund process is so slow !!!",2026-09-19T01:37:11.374309
app_review,Update: Win a free iPhone click here www.notreal.example https://example.com/ref123,2026-09-19T01:53:11.374309
app_review,"Seriously, Customer support took forever to respond to my ticket https://example.com/ref123",2026-09-19T02:04:11.374309
support_ticket,Ugh. Delivery was 5 days late with no notification <br>,2026-09-19T02:12:11.374309
app_review,"Ugh. Search results don't load, just an infinite spinner !!!",2026-09-19T02:24:11.374309
tweet,FYI - Delivery was 5 days late with no notification !!!,2026-09-19T02:28:11.374309
support_ticket,Ugh. App crashes every time I try to open my cart 😡,2026-09-19T02:35:11.374309
tweet,Ugh. Product arrived damaged and refund process is so slow 🙄,2026-09-19T02:56:11.374309
tweet,"Seriously, Search results don't load, just an infinite spinner",2026-09-19T03:13:11.374309
tweet,Ugh. Customer support took forever to respond to my ticket 🙄,2026-09-19T03:25:11.374309
app_review,"Ugh. The new cart redesign is confusing, hard to find things https://example.com/ref123",2026-09-19T03:32:11.374309
support_ticket,Update: Please add a dark mode option https://example.com/ref123,2026-09-19T03:54:11.374309
app_review,FYI - The order tracking page shows an error 500 !!!,2026-09-19T04:37:11.374309
app_review,"Seriously, Too many notifications, feels spammy 😡",2026-09-19T04:38:11.374309
support_ticket,FYI - Checkout page freezes on the payment step !!!,2026-09-19T04:41:11.374309
app_review,Update: App logs me out randomly every few minutes <br>,2026-09-19T05:58:11.374309
app_review,Checkout page freezes on the payment step,2026-09-19T06:15:11.374309
support_ticket,"Seriously, Can you add a 'buy again' button on past orders <br>",2026-09-19T06:45:11.374309
tweet,"Seriously, Customer service resolved my issue in minutes, impressed 🙄",2026-09-19T08:17:11.374309
support_ticket,FYI - Please add a dark mode option,2026-09-19T08:24:11.374309
tweet,asdkjaslkdj random text here https://example.com/ref123,2026-09-19T08:41:11.374309
app_review,"FYI - Customer service resolved my issue in minutes, impressed",2026-09-19T09:25:11.374309
app_review,"Seriously, The new cart redesign is confusing, hard to find things 🙄",2026-09-19T09:35:11.374309
support_ticket,Update: Can you add a 'buy again' button on past orders <br>,2026-09-19T09:41:11.374309
tweet,"So annoyed. Customer service resolved my issue in minutes, impressed !!!",2026-09-19T10:40:11.374309
tweet,Update: Product arrived damaged and refund process is so slow,2026-09-19T10:49:11.374309
tweet,So annoyed. asdkjaslkdj random text here https://example.com/ref123,2026-09-19T10:57:11.374309
app_review,So annoyed. Wish there was a way to filter by seller rating 🙄,2026-09-19T11:10:11.374309
tweet,"So annoyed. The new cart redesign is confusing, hard to find things !!!",2026-09-19T12:02:11.374309
app_review,"Seriously, Delivery was 5 days late with no notification",2026-09-19T12:07:11.374309
tweet,"FYI - Too many notifications, feels spammy 😡",2026-09-19T12:19:11.374309
support_ticket,So annoyed. Can you add a 'buy again' button on past orders 😡,2026-09-19T13:17:11.374309
support_ticket,"Seriously, Love how fast delivery was this time! https://example.com/ref123",2026-09-19T13:55:11.374309
support_ticket,Would love wishlist sharing with friends,2026-09-19T14:08:11.374309
tweet,asdkjaslkdj random text here <br>,2026-09-19T14:11:11.374309
app_review,So annoyed. Checkout page freezes on the payment step !!!,2026-09-19T14:14:11.374309
support_ticket,Check out my channel for free followers!!!,2026-09-19T14:23:11.374309
app_review,"Seriously, Love how fast delivery was this time! <br>",2026-09-19T14:53:11.374309
support_ticket,Can you add a 'buy again' button on past orders https://example.com/ref123,2026-09-19T15:17:11.374309
support_ticket,Please add a dark mode option 😡,2026-09-19T15:43:11.374309
tweet,FYI - Would love wishlist sharing with friends,2026-09-19T16:52:11.374309
tweet,"FYI - Great app, super easy to use https://example.com/ref123",2026-09-19T16:53:11.374309
tweet,"checkout failed, UPI transaction shows failed but amount debited !!!",2026-09-19T17:22:11.374309
app_review,FYI - Payment gateway timed out during checkout with UPI 🙄,2026-09-19T17:24:11.374309
app_review,"Ugh. PhonePe failed on checkout, tried three times !!!",2026-09-19T17:26:11.374309
support_ticket,"checkout failed, UPI transaction shows failed but amount debited <br>",2026-09-19T17:29:11.374309
support_ticket,"Seriously, Can't complete checkout, UPI keeps failing on the payment step 😡",2026-09-19T17:32:11.374309
app_review,"Update: Great app, super easy to use https://example.com/ref123",2026-09-19T17:37:11.374309
support_ticket,"Seriously, checkout failed, UPI transaction shows failed but amount debited 😡",2026-09-19T17:39:11.374309
app_review,Update: Check out my channel for free followers!!! Fix this please.,2026-09-19T17:40:11.374309
app_review,"Ugh. checkout failed, UPI transaction shows failed but amount debited https://example.com/ref123",2026-09-19T17:40:11.374309
support_ticket,"So annoyed. Can't complete checkout, UPI keeps failing on the payment step 😡",2026-09-19T17:44:11.374309
support_ticket,"FYI - checkout failed, UPI transaction shows failed but amount debited",2026-09-19T17:45:11.374309
app_review,Payment gateway timed out during checkout with UPI <br>,2026-09-19T17:48:11.374309
support_ticket,"Ugh. UPI payment failed at checkout, money got deducted though https://example.com/ref123",2026-09-19T17:52:11.374309
tweet,"UPI payment failed at checkout, money got deducted though !!!",2026-09-19T17:52:11.374309
app_review,"Ugh. PhonePe failed on checkout, tried three times https://example.com/ref123",2026-09-19T17:58:11.374309
support_ticket,"Update: The new cart redesign is confusing, hard to find things <br>",2026-09-19T17:59:11.374309
support_ticket,"FYI - Can't complete checkout, UPI keeps failing on the payment step !!!",2026-09-19T18:00:11.374309
app_review,Payment gateway timed out during checkout with UPI 😡,2026-09-19T18:01:11.374309
tweet,Update: Payment gateway timed out during checkout with UPI https://example.com/ref123,2026-09-19T18:06:11.374309
tweet,"Seriously, checkout failed, UPI transaction shows failed but amount debited Fix this please.",2026-09-19T18:07:11.374309
support_ticket,"FYI - checkout failed, UPI transaction shows failed but amount debited <br>",2026-09-19T18:08:11.374309
tweet,"Update: Can't complete checkout, UPI keeps failing on the payment step !!!",2026-09-19T18:13:11.374309
tweet,"UPI payment failed at checkout, money got deducted though Fix this please.",2026-09-19T18:14:11.374309
support_ticket,"Can't complete checkout, UPI keeps failing on the payment step <br>",2026-09-19T18:17:11.374309
app_review,"Update: UPI payment failed at checkout, money got deducted though <br>",2026-09-19T18:20:11.374309
support_ticket,"Update: Great app, super easy to use 🙄",2026-09-19T18:52:11.374309
